profile,num_uavs,assignment_rule,num_seeds,completion_rate_mean,completion_rate_std,completion_rate_mean_std,average_latency_mean,average_latency_std,average_latency_mean_std,total_energy_mean,total_energy_std,total_energy_mean_std,cache_hit_rate_mean,cache_hit_rate_std,cache_hit_rate_mean_std,fairness_uav_load_mean,fairness_uav_load_std,fairness_uav_load_mean_std
sensitive,2,least_loaded_uav,3,0.9047739068976236,0.002426961647661555,0.9048 +/- 0.0024,0.8307379878866229,0.03426612545166445,0.8307 +/- 0.0343,130.11737809607075,0.5213713429860999,130.1174 +/- 0.5214,0.5697309721342981,0.03518230188361146,0.5697 +/- 0.0352,0.9986914933696897,0.0007200458491456609,0.9987 +/- 0.0007
sensitive,2,nearest_uav,3,0.8823695019252328,0.008628532602467764,0.8824 +/- 0.0086,0.8596869215683322,0.02754092956211594,0.8597 +/- 0.0275,136.23657650496617,11.411994700848409,136.2366 +/- 11.4120,0.5968968150730359,0.01872798211296609,0.5969 +/- 0.0187,0.9968846613603025,0.002498648700571758,0.9969 +/- 0.0025
sensitive,3,least_loaded_uav,3,0.9350093439606026,0.007141119591319752,0.9350 +/- 0.0071,0.7771444186651119,0.02471294887268998,0.7771 +/- 0.0247,149.76117251538872,4.514771376004032,149.7612 +/- 4.5148,0.532350324044662,0.005403767494971414,0.5324 +/- 0.0054,0.9858432835342871,0.005122004231192473,0.9858 +/- 0.0051
sensitive,3,nearest_uav,3,0.9167769520492729,0.0009363442419868289,0.9168 +/- 0.0009,0.8129211512188076,0.025856916963713138,0.8129 +/- 0.0259,182.5985415494305,1.5442220097536126,182.5985 +/- 1.5442,0.5575026219625959,0.011824135445875617,0.5575 +/- 0.0118,0.9847977290370326,0.006013727881600535,0.9848 +/- 0.0060
