variant,description,num_seeds,completion_rate_mean,completion_rate_std,completion_rate_mean_std,average_latency_mean,average_latency_std,average_latency_mean_std,total_energy_mean,total_energy_std,total_energy_mean_std,cache_hit_rate_mean,cache_hit_rate_std,cache_hit_rate_mean_std,fairness_uav_load_mean,fairness_uav_load_std,fairness_uav_load_mean_std,heuristic_total_energy_mean,heuristic_total_energy_std,heuristic_total_energy_mean_std,delta_total_energy_mean,delta_total_energy_std,delta_total_energy_mean_std
main,fixed energy_e30 PPO configuration,3,0.9845666281691691,0.013735486228074382,0.9846 +/- 0.0137,0.39751161974612764,0.052253597283702734,0.3975 +/- 0.0523,45.91111872165592,13.580998273675288,45.9111 +/- 13.5810,0.7518200893943527,0.04486368721149679,0.7518 +/- 0.0449,0.9236860562375143,0.047932765002126544,0.9237 +/- 0.0479,16.577664129961672,16.33824546091132,16.5777 +/- 16.3382,29.33345459169425,27.94493394680101,29.3335 +/- 27.9449
no_energy_shaped_reward,reward_energy_weight=0 and reward_action_magnitude_weight=0,3,0.9845666281691691,0.013735486228074382,0.9846 +/- 0.0137,0.39751989806316274,0.052254958041135405,0.3975 +/- 0.0523,48.03193779770172,17.218223397342186,48.0319 +/- 17.2182,0.7562060543066335,0.04764893853087537,0.7562 +/- 0.0476,0.9349504240536063,0.031760872395733525,0.9350 +/- 0.0318,16.577664129961672,16.33824546091132,16.5777 +/- 16.3382,31.454273667740058,24.92670419543376,31.4543 +/- 24.9267
no_movement_budget,use_movement_budget=False with all other settings fixed,3,0.9845666281691691,0.013735486228074382,0.9846 +/- 0.0137,0.39906052730281955,0.05078261454957455,0.3991 +/- 0.0508,112.30802812292863,44.16386645708434,112.3080 +/- 44.1639,0.7514429824112087,0.052359573067943005,0.7514 +/- 0.0524,0.9539247830279652,0.0236454974046531,0.9539 +/- 0.0236,16.577664129961672,16.33824546091132,16.5777 +/- 16.3382,95.73036399296696,60.23025578428965,95.7304 +/- 60.2303
