variant,description,num_seeds,completion_rate_mean,completion_rate_std,completion_rate_mean_std,average_latency_mean,average_latency_std,average_latency_mean_std,total_energy_mean,total_energy_std,total_energy_mean_std,cache_hit_rate_mean,cache_hit_rate_std,cache_hit_rate_mean_std,fairness_uav_load_mean,fairness_uav_load_std,fairness_uav_load_mean_std,heuristic_total_energy_mean,heuristic_total_energy_std,heuristic_total_energy_mean_std,delta_total_energy_mean,delta_total_energy_std,delta_total_energy_mean_std
main,fixed energy_e30 PPO configuration,3,0.9845666281691691,0.013735486228074382,0.9846 +/- 0.0137,0.39863844242817564,0.04916533492593472,0.3986 +/- 0.0492,33.827478389567624,12.154069251497203,33.8275 +/- 12.1541,0.7489465261759619,0.04163276298474039,0.7489 +/- 0.0416,0.9052286434494728,0.0684313406091926,0.9052 +/- 0.0684,16.577664129961672,16.33824546091132,16.5777 +/- 16.3382,17.249814259605955,17.76231010045967,17.2498 +/- 17.7623
no_energy_shaped_reward,reward_energy_weight=0 and reward_action_magnitude_weight=0,3,0.9845666281691691,0.013735486228074382,0.9846 +/- 0.0137,0.3994434569495753,0.05053573214116912,0.3994 +/- 0.0505,30.935662379663764,13.471669226429377,30.9357 +/- 13.4717,0.7518200893943527,0.04486368721149679,0.7518 +/- 0.0449,0.9084639375671199,0.07244797289037881,0.9085 +/- 0.0724,16.577664129961672,16.33824546091132,16.5777 +/- 16.3382,14.357998249702094,19.225892849536823,14.3580 +/- 19.2259
no_movement_budget,use_movement_budget=False with all other settings fixed,3,0.9845666281691691,0.013735486228074382,0.9846 +/- 0.0137,0.39906052730281955,0.05078261454957455,0.3991 +/- 0.0508,112.30802812292863,44.16386645708434,112.3080 +/- 44.1639,0.7514429824112087,0.052359573067943005,0.7514 +/- 0.0524,0.9539247830279652,0.0236454974046531,0.9539 +/- 0.0236,16.577664129961672,16.33824546091132,16.5777 +/- 16.3382,95.73036399296696,60.23025578428965,95.7304 +/- 60.2303
