{
  "rows": [
    {
      "num_uavs": 2,
      "assignment_rule": "nearest_uav",
      "num_seeds": 3,
      "ppo_completion_rate_mean": 0.9845666281691691,
      "ppo_completion_rate_std": 0.013735486228074382,
      "ppo_completion_rate_mean_std": "0.9846 +/- 0.0137",
      "ppo_average_latency_mean": 0.39863844242817564,
      "ppo_average_latency_std": 0.04916533492593472,
      "ppo_average_latency_mean_std": "0.3986 +/- 0.0492",
      "ppo_total_energy_mean": 33.827478389567624,
      "ppo_total_energy_std": 12.154069251497203,
      "ppo_total_energy_mean_std": "33.8275 +/- 12.1541",
      "ppo_cache_hit_rate_mean": 0.7489465261759619,
      "ppo_cache_hit_rate_std": 0.04163276298474039,
      "ppo_cache_hit_rate_mean_std": "0.7489 +/- 0.0416",
      "ppo_fairness_uav_load_mean": 0.9052286434494728,
      "ppo_fairness_uav_load_std": 0.0684313406091926,
      "ppo_fairness_uav_load_mean_std": "0.9052 +/- 0.0684",
      "heuristic_completion_rate_mean": 0.9845666281691691,
      "heuristic_completion_rate_std": 0.013735486228074382,
      "heuristic_completion_rate_mean_std": "0.9846 +/- 0.0137",
      "heuristic_average_latency_mean": 0.3994380719806247,
      "heuristic_average_latency_std": 0.05050467906457863,
      "heuristic_average_latency_mean_std": "0.3994 +/- 0.0505",
      "heuristic_total_energy_mean": 16.577664129961672,
      "heuristic_total_energy_std": 16.33824546091132,
      "heuristic_total_energy_mean_std": "16.5777 +/- 16.3382",
      "heuristic_cache_hit_rate_mean": 0.7518200893943527,
      "heuristic_cache_hit_rate_std": 0.04486368721149679,
      "heuristic_cache_hit_rate_mean_std": "0.7518 +/- 0.0449",
      "heuristic_fairness_uav_load_mean": 0.9084639375671199,
      "heuristic_fairness_uav_load_std": 0.07244797289037887,
      "heuristic_fairness_uav_load_mean_std": "0.9085 +/- 0.0724",
      "delta_completion_rate_mean": 0.0,
      "delta_completion_rate_std": 0.0,
      "delta_completion_rate_mean_std": "0.0000 +/- 0.0000",
      "delta_average_latency_mean": -0.0007996295524490918,
      "delta_average_latency_std": 0.0013397142584106534,
      "delta_average_latency_mean_std": "-0.0008 +/- 0.0013",
      "delta_total_energy_mean": 17.249814259605955,
      "delta_total_energy_std": 17.76231010045967,
      "delta_total_energy_mean_std": "17.2498 +/- 17.7623"
    },
    {
      "num_uavs": 3,
      "assignment_rule": "nearest_uav",
      "num_seeds": 3,
      "ppo_completion_rate_mean": 0.9930555555555555,
      "ppo_completion_rate_std": 0.012028130608117225,
      "ppo_completion_rate_mean_std": "0.9931 +/- 0.0120",
      "ppo_average_latency_mean": 0.4313200782433237,
      "ppo_average_latency_std": 0.042808488887982714,
      "ppo_average_latency_mean_std": "0.4313 +/- 0.0428",
      "ppo_total_energy_mean": 37.1728840431448,
      "ppo_total_energy_std": 7.652592425985024,
      "ppo_total_energy_mean_std": "37.1729 +/- 7.6526",
      "ppo_cache_hit_rate_mean": 0.7321900667110319,
      "ppo_cache_hit_rate_std": 0.02050032346561347,
      "ppo_cache_hit_rate_mean_std": "0.7322 +/- 0.0205",
      "ppo_fairness_uav_load_mean": 0.7206166644919714,
      "ppo_fairness_uav_load_std": 0.0716952380055859,
      "ppo_fairness_uav_load_mean_std": "0.7206 +/- 0.0717",
      "heuristic_completion_rate_mean": 0.9895833333333334,
      "heuristic_completion_rate_std": 0.010416666666666685,
      "heuristic_completion_rate_mean_std": "0.9896 +/- 0.0104",
      "heuristic_average_latency_mean": 0.41954203852166977,
      "heuristic_average_latency_std": 0.023050877331943,
      "heuristic_average_latency_mean_std": "0.4195 +/- 0.0231",
      "heuristic_total_energy_mean": 40.68083375146903,
      "heuristic_total_energy_std": 28.099420033051345,
      "heuristic_total_energy_mean_std": "40.6808 +/- 28.0994",
      "heuristic_cache_hit_rate_mean": 0.7264030296739948,
      "heuristic_cache_hit_rate_std": 0.016750162593246867,
      "heuristic_cache_hit_rate_mean_std": "0.7264 +/- 0.0168",
      "heuristic_fairness_uav_load_mean": 0.7397317591986821,
      "heuristic_fairness_uav_load_std": 0.034373658040679746,
      "heuristic_fairness_uav_load_mean_std": "0.7397 +/- 0.0344",
      "delta_completion_rate_mean": 0.00347222222222221,
      "delta_completion_rate_std": 0.00601406530405858,
      "delta_completion_rate_mean_std": "0.0035 +/- 0.0060",
      "delta_average_latency_mean": 0.011778039721653847,
      "delta_average_latency_std": 0.01976148512885325,
      "delta_average_latency_mean_std": "0.0118 +/- 0.0198",
      "delta_total_energy_mean": -3.507949708324226,
      "delta_total_energy_std": 35.351090157394005,
      "delta_total_energy_mean_std": "-3.5079 +/- 35.3511"
    }
  ]
}