{
  "rows": [
    {
      "num_uavs": 2,
      "assignment_rule": "nearest_uav",
      "num_seeds": 3,
      "ppo_completion_rate_mean": 0.9845666281691691,
      "ppo_completion_rate_std": 0.013735486228074382,
      "ppo_completion_rate_mean_std": "0.9846 +/- 0.0137",
      "ppo_average_latency_mean": 0.4082218245521038,
      "ppo_average_latency_std": 0.053981763332500085,
      "ppo_average_latency_mean_std": "0.4082 +/- 0.0540",
      "ppo_total_energy_mean": 28.619915050365588,
      "ppo_total_energy_std": 7.211865364986863,
      "ppo_total_energy_mean_std": "28.6199 +/- 7.2119",
      "ppo_cache_hit_rate_mean": 0.1098879095121889,
      "ppo_cache_hit_rate_std": 0.019954138060138238,
      "ppo_cache_hit_rate_mean_std": "0.1099 +/- 0.0200",
      "ppo_fairness_uav_load_mean": 0.9236860562375143,
      "ppo_fairness_uav_load_std": 0.047932765002126544,
      "ppo_fairness_uav_load_mean_std": "0.9237 +/- 0.0479",
      "heuristic_completion_rate_mean": 0.9845666281691691,
      "heuristic_completion_rate_std": 0.013735486228074382,
      "heuristic_completion_rate_mean_std": "0.9846 +/- 0.0137",
      "heuristic_average_latency_mean": 0.40822666066841445,
      "heuristic_average_latency_std": 0.05393974319274316,
      "heuristic_average_latency_mean_std": "0.4082 +/- 0.0539",
      "heuristic_total_energy_mean": 16.577664129961672,
      "heuristic_total_energy_std": 16.33824546091132,
      "heuristic_total_energy_mean_std": "16.5777 +/- 16.3382",
      "heuristic_cache_hit_rate_mean": 0.1098879095121889,
      "heuristic_cache_hit_rate_std": 0.019954138060138238,
      "heuristic_cache_hit_rate_mean_std": "0.1099 +/- 0.0200",
      "heuristic_fairness_uav_load_mean": 0.9084639375671199,
      "heuristic_fairness_uav_load_std": 0.07244797289037887,
      "heuristic_fairness_uav_load_mean_std": "0.9085 +/- 0.0724",
      "delta_completion_rate_mean": 0.0,
      "delta_completion_rate_std": 0.0,
      "delta_completion_rate_mean_std": "0.0000 +/- 0.0000",
      "delta_average_latency_mean": -4.836116310709866e-06,
      "delta_average_latency_std": 4.329346986211593e-05,
      "delta_average_latency_mean_std": "-0.0000 +/- 0.0000",
      "delta_total_energy_mean": 12.042250920403916,
      "delta_total_energy_std": 18.264021420416547,
      "delta_total_energy_mean_std": "12.0423 +/- 18.2640"
    },
    {
      "num_uavs": 3,
      "assignment_rule": "nearest_uav",
      "num_seeds": 3,
      "ppo_completion_rate_mean": 0.9930555555555555,
      "ppo_completion_rate_std": 0.012028130608117225,
      "ppo_completion_rate_mean_std": "0.9931 +/- 0.0120",
      "ppo_average_latency_mean": 0.4314350327121323,
      "ppo_average_latency_std": 0.04270506339114094,
      "ppo_average_latency_mean_std": "0.4314 +/- 0.0427",
      "ppo_total_energy_mean": 46.29834559249327,
      "ppo_total_energy_std": 15.430935909812785,
      "ppo_total_energy_mean_std": "46.2983 +/- 15.4309",
      "ppo_cache_hit_rate_mean": 0.09903547710621341,
      "ppo_cache_hit_rate_std": 0.01614188314101069,
      "ppo_cache_hit_rate_mean_std": "0.0990 +/- 0.0161",
      "ppo_fairness_uav_load_mean": 0.7256669977156793,
      "ppo_fairness_uav_load_std": 0.06286952132342398,
      "ppo_fairness_uav_load_mean_std": "0.7257 +/- 0.0629",
      "heuristic_completion_rate_mean": 0.9895833333333334,
      "heuristic_completion_rate_std": 0.010416666666666685,
      "heuristic_completion_rate_mean_std": "0.9896 +/- 0.0104",
      "heuristic_average_latency_mean": 0.42300214102615125,
      "heuristic_average_latency_std": 0.021002621334937334,
      "heuristic_average_latency_mean_std": "0.4230 +/- 0.0210",
      "heuristic_total_energy_mean": 40.68083375146903,
      "heuristic_total_energy_std": 28.099420033051345,
      "heuristic_total_energy_mean_std": "40.6808 +/- 28.0994",
      "heuristic_cache_hit_rate_mean": 0.09066129409967745,
      "heuristic_cache_hit_rate_std": 0.00950968082381392,
      "heuristic_cache_hit_rate_mean_std": "0.0907 +/- 0.0095",
      "heuristic_fairness_uav_load_mean": 0.7397317591986821,
      "heuristic_fairness_uav_load_std": 0.034373658040679746,
      "heuristic_fairness_uav_load_mean_std": "0.7397 +/- 0.0344",
      "delta_completion_rate_mean": 0.00347222222222221,
      "delta_completion_rate_std": 0.00601406530405858,
      "delta_completion_rate_mean_std": "0.0035 +/- 0.0060",
      "delta_average_latency_mean": 0.008432891685981029,
      "delta_average_latency_std": 0.02329279642304211,
      "delta_average_latency_mean_std": "0.0084 +/- 0.0233",
      "delta_total_energy_mean": 5.617511841024246,
      "delta_total_energy_std": 42.52846625392454,
      "delta_total_energy_mean_std": "5.6175 +/- 42.5285"
    }
  ]
}