{
  "rows": [
    {
      "num_uavs": 2,
      "assignment_rule": "nearest_uav",
      "num_seeds": 3,
      "ppo_completion_rate_mean": 0.9845666281691691,
      "ppo_completion_rate_std": 0.013735486228074382,
      "ppo_completion_rate_mean_std": "0.9846 +/- 0.0137",
      "ppo_average_latency_mean": 0.39751161974612764,
      "ppo_average_latency_std": 0.052253597283702734,
      "ppo_average_latency_mean_std": "0.3975 +/- 0.0523",
      "ppo_total_energy_mean": 45.91111872165592,
      "ppo_total_energy_std": 13.580998273675288,
      "ppo_total_energy_mean_std": "45.9111 +/- 13.5810",
      "ppo_cache_hit_rate_mean": 0.7518200893943527,
      "ppo_cache_hit_rate_std": 0.04486368721149679,
      "ppo_cache_hit_rate_mean_std": "0.7518 +/- 0.0449",
      "ppo_fairness_uav_load_mean": 0.9236860562375143,
      "ppo_fairness_uav_load_std": 0.047932765002126544,
      "ppo_fairness_uav_load_mean_std": "0.9237 +/- 0.0479",
      "heuristic_completion_rate_mean": 0.9845666281691691,
      "heuristic_completion_rate_std": 0.013735486228074382,
      "heuristic_completion_rate_mean_std": "0.9846 +/- 0.0137",
      "heuristic_average_latency_mean": 0.3994380719806247,
      "heuristic_average_latency_std": 0.05050467906457863,
      "heuristic_average_latency_mean_std": "0.3994 +/- 0.0505",
      "heuristic_total_energy_mean": 16.577664129961672,
      "heuristic_total_energy_std": 16.33824546091132,
      "heuristic_total_energy_mean_std": "16.5777 +/- 16.3382",
      "heuristic_cache_hit_rate_mean": 0.7518200893943527,
      "heuristic_cache_hit_rate_std": 0.04486368721149679,
      "heuristic_cache_hit_rate_mean_std": "0.7518 +/- 0.0449",
      "heuristic_fairness_uav_load_mean": 0.9084639375671199,
      "heuristic_fairness_uav_load_std": 0.07244797289037887,
      "heuristic_fairness_uav_load_mean_std": "0.9085 +/- 0.0724",
      "delta_completion_rate_mean": 0.0,
      "delta_completion_rate_std": 0.0,
      "delta_completion_rate_mean_std": "0.0000 +/- 0.0000",
      "delta_average_latency_mean": -0.0019264522344971113,
      "delta_average_latency_std": 0.003285772720222358,
      "delta_average_latency_mean_std": "-0.0019 +/- 0.0033",
      "delta_total_energy_mean": 29.33345459169425,
      "delta_total_energy_std": 27.94493394680101,
      "delta_total_energy_mean_std": "29.3335 +/- 27.9449"
    },
    {
      "num_uavs": 3,
      "assignment_rule": "nearest_uav",
      "num_seeds": 3,
      "ppo_completion_rate_mean": 0.9895833333333334,
      "ppo_completion_rate_std": 0.010416666666666685,
      "ppo_completion_rate_mean_std": "0.9896 +/- 0.0104",
      "ppo_average_latency_mean": 0.4141449830809871,
      "ppo_average_latency_std": 0.016296504208892153,
      "ppo_average_latency_mean_std": "0.4141 +/- 0.0163",
      "ppo_total_energy_mean": 78.76379039775335,
      "ppo_total_energy_std": 23.55691899368008,
      "ppo_total_energy_mean_std": "78.7638 +/- 23.5569",
      "ppo_cache_hit_rate_mean": 0.7207521582142998,
      "ppo_cache_hit_rate_std": 0.011989495129791375,
      "ppo_cache_hit_rate_mean_std": "0.7208 +/- 0.0120",
      "ppo_fairness_uav_load_mean": 0.7244548881671883,
      "ppo_fairness_uav_load_std": 0.07331264401718367,
      "ppo_fairness_uav_load_mean_std": "0.7245 +/- 0.0733",
      "heuristic_completion_rate_mean": 0.9895833333333334,
      "heuristic_completion_rate_std": 0.010416666666666685,
      "heuristic_completion_rate_mean_std": "0.9896 +/- 0.0104",
      "heuristic_average_latency_mean": 0.41954203852166977,
      "heuristic_average_latency_std": 0.023050877331943,
      "heuristic_average_latency_mean_std": "0.4195 +/- 0.0231",
      "heuristic_total_energy_mean": 40.68083375146903,
      "heuristic_total_energy_std": 28.099420033051345,
      "heuristic_total_energy_mean_std": "40.6808 +/- 28.0994",
      "heuristic_cache_hit_rate_mean": 0.7264030296739948,
      "heuristic_cache_hit_rate_std": 0.016750162593246867,
      "heuristic_cache_hit_rate_mean_std": "0.7264 +/- 0.0168",
      "heuristic_fairness_uav_load_mean": 0.7397317591986821,
      "heuristic_fairness_uav_load_std": 0.034373658040679746,
      "heuristic_fairness_uav_load_mean_std": "0.7397 +/- 0.0344",
      "delta_completion_rate_mean": 0.0,
      "delta_completion_rate_std": 0.0,
      "delta_completion_rate_mean_std": "0.0000 +/- 0.0000",
      "delta_average_latency_mean": -0.00539705544068277,
      "delta_average_latency_std": 0.007264101683504304,
      "delta_average_latency_mean_std": "-0.0054 +/- 0.0073",
      "delta_total_energy_mean": 38.08295664628433,
      "delta_total_energy_std": 44.10469320412468,
      "delta_total_energy_mean_std": "38.0830 +/- 44.1047"
    }
  ]
}