{
  "seed": 42,
  "episodes": 1,
  "chapter3_metrics": {
    "completion_rate": 1.0,
    "average_latency": 0.41219431480197566,
    "average_latency_finalized": 0.41219431480197566,
    "average_latency_completed": 0.41219431480197566,
    "latency_per_generated_task": 0.41219431480197566,
    "total_energy": 3.239485435483747,
    "cache_hit_rate": 0.8095238095238095,
    "fairness_user_completion": 1.0,
    "fairness_uav_load": null,
    "deadline_violation_rate": 0.0,
    "reliability_violation_rate": 0.0,
    "uav_move_energy": 0.0,
    "uav_compute_energy": 0.9711504892282626,
    "ue_local_energy": 0.0,
    "ue_uplink_energy": 0.5800426266927109,
    "bs_compute_energy": 1.6402923195627732,
    "relay_fetch_energy": 0.048
  },
  "chapter4_metrics": {
    "completion_rate": 1.0,
    "average_latency": 0.41219431480197566,
    "average_latency_finalized": 0.41219431480197566,
    "average_latency_completed": 0.41219431480197566,
    "latency_per_generated_task": 0.41219431480197566,
    "total_energy": 3.239485435483747,
    "cache_hit_rate": 0.8095238095238095,
    "fairness_user_completion": 1.0,
    "fairness_uav_load": null,
    "deadline_violation_rate": 0.0,
    "reliability_violation_rate": 0.0,
    "uav_move_energy": 0.0,
    "uav_compute_energy": 0.9711504892282626,
    "ue_local_energy": 0.0,
    "ue_uplink_energy": 0.5800426266927109,
    "bs_compute_energy": 1.6402923195627732,
    "relay_fetch_energy": 0.048
  },
  "comparison": {
    "average_latency": {
      "left": 0.41219431480197566,
      "right": 0.41219431480197566,
      "delta": 0.0
    },
    "average_latency_completed": {
      "left": 0.41219431480197566,
      "right": 0.41219431480197566,
      "delta": 0.0
    },
    "average_latency_finalized": {
      "left": 0.41219431480197566,
      "right": 0.41219431480197566,
      "delta": 0.0
    },
    "bs_compute_energy": {
      "left": 1.6402923195627732,
      "right": 1.6402923195627732,
      "delta": 0.0
    },
    "cache_hit_rate": {
      "left": 0.8095238095238095,
      "right": 0.8095238095238095,
      "delta": 0.0
    },
    "completion_rate": {
      "left": 1.0,
      "right": 1.0,
      "delta": 0.0
    },
    "deadline_violation_rate": {
      "left": 0.0,
      "right": 0.0,
      "delta": 0.0
    },
    "fairness_uav_load": {
      "left": null,
      "right": null,
      "delta": null
    },
    "fairness_user_completion": {
      "left": 1.0,
      "right": 1.0,
      "delta": 0.0
    },
    "latency_per_generated_task": {
      "left": 0.41219431480197566,
      "right": 0.41219431480197566,
      "delta": 0.0
    },
    "relay_fetch_energy": {
      "left": 0.048,
      "right": 0.048,
      "delta": 0.0
    },
    "reliability_violation_rate": {
      "left": 0.0,
      "right": 0.0,
      "delta": 0.0
    },
    "total_energy": {
      "left": 3.239485435483747,
      "right": 3.239485435483747,
      "delta": 0.0
    },
    "uav_compute_energy": {
      "left": 0.9711504892282626,
      "right": 0.9711504892282626,
      "delta": 0.0
    },
    "uav_move_energy": {
      "left": 0.0,
      "right": 0.0,
      "delta": 0.0
    },
    "ue_local_energy": {
      "left": 0.0,
      "right": 0.0,
      "delta": 0.0
    },
    "ue_uplink_energy": {
      "left": 0.5800426266927109,
      "right": 0.5800426266927109,
      "delta": 0.0
    }
  }
}